keyword;Q_ID;
typically;question_0
typically;question_1
typically;question_2
typically;question_3
typically;question_4
typically;question_5
typically;question_6
typically;question_7
typically;question_8
typically;question_9
typically;question_10
typically;question_11
typically;question_12
typically;question_13
typically;question_14
typically;question_15
typically;question_16
typically;question_17
typically;question_18
typically;question_19
typically;question_20
typically;question_21
typically;question_22
typically;question_23
typically;question_24
typically;question_25
typically;question_26
typically;question_27
typically;question_28
typically;question_29
typically;question_30
typically;question_31
typically;question_32
typically;question_33
typically;question_34
typically;question_35
typically;question_36
typically;question_37
typically;question_38
typically;question_39
typically;question_40
typically;question_41
typically;question_42
typically;question_43
typically;question_44
typically;question_45
typically;question_46
typically;question_47
typically;question_48
typically;question_49
typically;question_50
typically;question_51
typically;question_52
typically;question_53
typically;question_54
typically;question_55
typically;question_56
typically;question_57
typically;question_58
typically;question_59
typically;question_60
typically;question_61
typically;question_62
typically;question_63
typically;question_64
typically;question_65
typically;question_66
typically;question_67
typically;question_68
typically;question_69
typically;question_70
typically;question_71
typically;question_72
typically;question_73
typically;question_74
typically;question_75
typically;question_76
typically;question_77
typically;question_78
typically;question_79
typically;question_80
typically;question_81
typically;question_82
typically;question_83
typically;question_84
typically;question_85
typically;question_86
typically;question_87
typically;question_88
typically;question_89
typically;question_90
typically;question_91
typically;question_92
typically;question_93
typically;question_94
typically;question_95
typically;question_96
typically;question_97
typically;question_98
typically;question_99
ariled;question_0
ariled;question_1
ariled;question_2
ariled;question_3
ariled;question_4
ariled;question_5
ariled;question_6
ariled;question_7
ariled;question_8
ariled;question_9
ariled;question_10
ariled;question_11
ariled;question_12
ariled;question_13
ariled;question_14
ariled;question_15
ariled;question_16
ariled;question_17
ariled;question_18
ariled;question_19
ariled;question_20
ariled;question_21
ariled;question_22
ariled;question_23
ariled;question_24
ariled;question_25
ariled;question_26
ariled;question_27
ariled;question_28
ariled;question_29
ariled;question_30
ariled;question_31
ariled;question_32
ariled;question_33
ariled;question_34
ariled;question_35
ariled;question_36
ariled;question_37
ariled;question_38
ariled;question_39
ariled;question_40
ariled;question_41
ariled;question_42
ariled;question_43
ariled;question_44
ariled;question_45
ariled;question_46
ariled;question_47
ariled;question_48
ariled;question_49
ariled;question_50
ariled;question_51
ariled;question_52
ariled;question_53
ariled;question_54
ariled;question_55
ariled;question_56
ariled;question_57
ariled;question_58
ariled;question_59
ariled;question_60
ariled;question_61
ariled;question_62
ariled;question_63
ariled;question_64
ariled;question_65
ariled;question_66
ariled;question_67
ariled;question_68
ariled;question_69
ariled;question_70
ariled;question_71
ariled;question_72
ariled;question_73
ariled;question_74
ariled;question_75
ariled;question_76
ariled;question_77
ariled;question_78
ariled;question_79
ariled;question_80
ariled;question_81
ariled;question_82
ariled;question_83
ariled;question_84
ariled;question_85
ariled;question_86
ariled;question_87
ariled;question_88
ariled;question_89
ariled;question_90
ariled;question_91
ariled;question_92
ariled;question_93
ariled;question_94
ariled;question_95
ariled;question_96
ariled;question_97
ariled;question_98
ariled;question_99
opianic;question_0
opianic;question_1
opianic;question_2
opianic;question_3
opianic;question_4
opianic;question_5
opianic;question_6
opianic;question_7
opianic;question_8
opianic;question_9
opianic;question_10
opianic;question_11
opianic;question_12
opianic;question_13
opianic;question_14
opianic;question_15
opianic;question_16
opianic;question_17
opianic;question_18
opianic;question_19
opianic;question_20
opianic;question_21
opianic;question_22
opianic;question_23
opianic;question_24
opianic;question_25
opianic;question_26
opianic;question_27
opianic;question_28
opianic;question_29
opianic;question_30
opianic;question_31
opianic;question_32
opianic;question_33
opianic;question_34
opianic;question_35
opianic;question_36
opianic;question_37
opianic;question_38
opianic;question_39
opianic;question_40
opianic;question_41
opianic;question_42
opianic;question_43
opianic;question_44
opianic;question_45
opianic;question_46
opianic;question_47
opianic;question_48
opianic;question_49
opianic;question_50
opianic;question_51
opianic;question_52
opianic;question_53
opianic;question_54
opianic;question_55
opianic;question_56
opianic;question_57
opianic;question_58
opianic;question_59
opianic;question_60
opianic;question_61
opianic;question_62
opianic;question_63
opianic;question_64
opianic;question_65
opianic;question_66
opianic;question_67
opianic;question_68
opianic;question_69
opianic;question_70
opianic;question_71
opianic;question_72
opianic;question_73
opianic;question_74
opianic;question_75
opianic;question_76
opianic;question_77
opianic;question_78
opianic;question_79
opianic;question_80
opianic;question_81
opianic;question_82
opianic;question_83
opianic;question_84
opianic;question_85
opianic;question_86
opianic;question_87
opianic;question_88
opianic;question_89
opianic;question_90
opianic;question_91
opianic;question_92
opianic;question_93
opianic;question_94
opianic;question_95
opianic;question_96
opianic;question_97
opianic;question_98
opianic;question_99
shedule;question_0
shedule;question_1
shedule;question_2
shedule;question_3
shedule;question_4
shedule;question_5
shedule;question_6
shedule;question_7
shedule;question_8
shedule;question_9
shedule;question_10
shedule;question_11
shedule;question_12
shedule;question_13
shedule;question_14
shedule;question_15
shedule;question_16
shedule;question_17
shedule;question_18
shedule;question_19
shedule;question_20
shedule;question_21
shedule;question_22
shedule;question_23
shedule;question_24
shedule;question_25
shedule;question_26
shedule;question_27
shedule;question_28
shedule;question_29
shedule;question_30
shedule;question_31
shedule;question_32
shedule;question_33
shedule;question_34
shedule;question_35
shedule;question_36
shedule;question_37
shedule;question_38
shedule;question_39
shedule;question_40
shedule;question_41
shedule;question_42
shedule;question_43
shedule;question_44
shedule;question_45
shedule;question_46
shedule;question_47
shedule;question_48
shedule;question_49
shedule;question_50
shedule;question_51
shedule;question_52
shedule;question_53
shedule;question_54
shedule;question_55
shedule;question_56
shedule;question_57
shedule;question_58
shedule;question_59
shedule;question_60
shedule;question_61
shedule;question_62
shedule;question_63
shedule;question_64
shedule;question_65
shedule;question_66
shedule;question_67
shedule;question_68
shedule;question_69
shedule;question_70
shedule;question_71
shedule;question_72
shedule;question_73
shedule;question_74
shedule;question_75
shedule;question_76
shedule;question_77
shedule;question_78
shedule;question_79
shedule;question_80
shedule;question_81
shedule;question_82
shedule;question_83
shedule;question_84
shedule;question_85
shedule;question_86
shedule;question_87
shedule;question_88
shedule;question_89
shedule;question_90
shedule;question_91
shedule;question_92
shedule;question_93
shedule;question_94
shedule;question_95
shedule;question_96
shedule;question_97
shedule;question_98
shedule;question_99
wethers;question_0
wethers;question_1
wethers;question_2
wethers;question_3
wethers;question_4
wethers;question_5
wethers;question_6
wethers;question_7
wethers;question_8
wethers;question_9
wethers;question_10
wethers;question_11
wethers;question_12
wethers;question_13
wethers;question_14
wethers;question_15
wethers;question_16
wethers;question_17
wethers;question_18
wethers;question_19
wethers;question_20
wethers;question_21
wethers;question_22
wethers;question_23
wethers;question_24
wethers;question_25
wethers;question_26
wethers;question_27
wethers;question_28
wethers;question_29
wethers;question_30
wethers;question_31
wethers;question_32
wethers;question_33
wethers;question_34
wethers;question_35
wethers;question_36
wethers;question_37
wethers;question_38
wethers;question_39
wethers;question_40
wethers;question_41
wethers;question_42
wethers;question_43
wethers;question_44
wethers;question_45
wethers;question_46
wethers;question_47
wethers;question_48
wethers;question_49
wethers;question_50
wethers;question_51
wethers;question_52
wethers;question_53
wethers;question_54
wethers;question_55
wethers;question_56
wethers;question_57
wethers;question_58
wethers;question_59
wethers;question_60
wethers;question_61
wethers;question_62
wethers;question_63
wethers;question_64
wethers;question_65
wethers;question_66
wethers;question_67
wethers;question_68
wethers;question_69
wethers;question_70
wethers;question_71
wethers;question_72
wethers;question_73
wethers;question_74
wethers;question_75
wethers;question_76
wethers;question_77
wethers;question_78
wethers;question_79
wethers;question_80
wethers;question_81
wethers;question_82
wethers;question_83
wethers;question_84
wethers;question_85
wethers;question_86
wethers;question_87
wethers;question_88
wethers;question_89
wethers;question_90
wethers;question_91
wethers;question_92
wethers;question_93
wethers;question_94
wethers;question_95
wethers;question_96
wethers;question_97
wethers;question_98
wethers;question_99
now;question_0
now;question_1
now;question_2
now;question_3
now;question_4
now;question_5
now;question_6
now;question_7
now;question_8
now;question_9
now;question_10
now;question_11
now;question_12
now;question_13
now;question_14
now;question_15
now;question_16
now;question_17
now;question_18
now;question_19
now;question_20
now;question_21
now;question_22
now;question_23
now;question_24
now;question_25
now;question_26
now;question_27
now;question_28
now;question_29
now;question_30
now;question_31
now;question_32
now;question_33
now;question_34
now;question_35
now;question_36
now;question_37
now;question_38
now;question_39
now;question_40
now;question_41
now;question_42
now;question_43
now;question_44
now;question_45
now;question_46
now;question_47
now;question_48
now;question_49
now;question_50
now;question_51
now;question_52
now;question_53
now;question_54
now;question_55
now;question_56
now;question_57
now;question_58
now;question_59
now;question_60
now;question_61
now;question_62
now;question_63
now;question_64
now;question_65
now;question_66
now;question_67
now;question_68
now;question_69
now;question_70
now;question_71
now;question_72
now;question_73
now;question_74
now;question_75
now;question_76
now;question_77
now;question_78
now;question_79
now;question_80
now;question_81
now;question_82
now;question_83
now;question_84
now;question_85
now;question_86
now;question_87
now;question_88
now;question_89
now;question_90
now;question_91
now;question_92
now;question_93
now;question_94
now;question_95
now;question_96
now;question_97
now;question_98
now;question_99
right-eastward;question_0
right-eastward;question_1
right-eastward;question_2
right-eastward;question_3
right-eastward;question_4
right-eastward;question_5
right-eastward;question_6
right-eastward;question_7
right-eastward;question_8
right-eastward;question_9
right-eastward;question_10
right-eastward;question_11
right-eastward;question_12
right-eastward;question_13
right-eastward;question_14
right-eastward;question_15
right-eastward;question_16
right-eastward;question_17
right-eastward;question_18
right-eastward;question_19
right-eastward;question_20
right-eastward;question_21
right-eastward;question_22
right-eastward;question_23
right-eastward;question_24
right-eastward;question_25
right-eastward;question_26
right-eastward;question_27
right-eastward;question_28
right-eastward;question_29
right-eastward;question_30
right-eastward;question_31
right-eastward;question_32
right-eastward;question_33
right-eastward;question_34
right-eastward;question_35
right-eastward;question_36
right-eastward;question_37
right-eastward;question_38
right-eastward;question_39
right-eastward;question_40
right-eastward;question_41
right-eastward;question_42
right-eastward;question_43
right-eastward;question_44
right-eastward;question_45
right-eastward;question_46
right-eastward;question_47
right-eastward;question_48
right-eastward;question_49
right-eastward;question_50
right-eastward;question_51
right-eastward;question_52
right-eastward;question_53
right-eastward;question_54
right-eastward;question_55
right-eastward;question_56
right-eastward;question_57
right-eastward;question_58
right-eastward;question_59
right-eastward;question_60
right-eastward;question_61
right-eastward;question_62
right-eastward;question_63
right-eastward;question_64
right-eastward;question_65
right-eastward;question_66
right-eastward;question_67
right-eastward;question_68
right-eastward;question_69
right-eastward;question_70
right-eastward;question_71
right-eastward;question_72
right-eastward;question_73
right-eastward;question_74
right-eastward;question_75
right-eastward;question_76
right-eastward;question_77
right-eastward;question_78
right-eastward;question_79
right-eastward;question_80
right-eastward;question_81
right-eastward;question_82
right-eastward;question_83
right-eastward;question_84
right-eastward;question_85
right-eastward;question_86
right-eastward;question_87
right-eastward;question_88
right-eastward;question_89
right-eastward;question_90
right-eastward;question_91
right-eastward;question_92
right-eastward;question_93
right-eastward;question_94
right-eastward;question_95
right-eastward;question_96
right-eastward;question_97
right-eastward;question_98
right-eastward;question_99
pungencies;question_0
pungencies;question_1
pungencies;question_2
pungencies;question_3
pungencies;question_4
pungencies;question_5
pungencies;question_6
pungencies;question_7
pungencies;question_8
pungencies;question_9
pungencies;question_10
pungencies;question_11
pungencies;question_12
pungencies;question_13
pungencies;question_14
pungencies;question_15
pungencies;question_16
pungencies;question_17
pungencies;question_18
pungencies;question_19
pungencies;question_20
pungencies;question_21
pungencies;question_22
pungencies;question_23
pungencies;question_24
pungencies;question_25
pungencies;question_26
pungencies;question_27
pungencies;question_28
pungencies;question_29
pungencies;question_30
pungencies;question_31
pungencies;question_32
pungencies;question_33
pungencies;question_34
pungencies;question_35
pungencies;question_36
pungencies;question_37
pungencies;question_38
pungencies;question_39
pungencies;question_40
pungencies;question_41
pungencies;question_42
pungencies;question_43
pungencies;question_44
pungencies;question_45
pungencies;question_46
pungencies;question_47
pungencies;question_48
pungencies;question_49
pungencies;question_50
pungencies;question_51
pungencies;question_52
pungencies;question_53
pungencies;question_54
pungencies;question_55
pungencies;question_56
pungencies;question_57
pungencies;question_58
pungencies;question_59
pungencies;question_60
pungencies;question_61
pungencies;question_62
pungencies;question_63
pungencies;question_64
pungencies;question_65
pungencies;question_66
pungencies;question_67
pungencies;question_68
pungencies;question_69
pungencies;question_70
pungencies;question_71
pungencies;question_72
pungencies;question_73
pungencies;question_74
pungencies;question_75
pungencies;question_76
pungencies;question_77
pungencies;question_78
pungencies;question_79
pungencies;question_80
pungencies;question_81
pungencies;question_82
pungencies;question_83
pungencies;question_84
pungencies;question_85
pungencies;question_86
pungencies;question_87
pungencies;question_88
pungencies;question_89
pungencies;question_90
pungencies;question_91
pungencies;question_92
pungencies;question_93
pungencies;question_94
pungencies;question_95
pungencies;question_96
pungencies;question_97
pungencies;question_98
pungencies;question_99
stinkball;question_0
stinkball;question_1
stinkball;question_2
stinkball;question_3
stinkball;question_4
stinkball;question_5
stinkball;question_6
stinkball;question_7
stinkball;question_8
stinkball;question_9
stinkball;question_10
stinkball;question_11
stinkball;question_12
stinkball;question_13
stinkball;question_14
stinkball;question_15
stinkball;question_16
stinkball;question_17
stinkball;question_18
stinkball;question_19
stinkball;question_20
stinkball;question_21
stinkball;question_22
stinkball;question_23
stinkball;question_24
stinkball;question_25
stinkball;question_26
stinkball;question_27
stinkball;question_28
stinkball;question_29
stinkball;question_30
stinkball;question_31
stinkball;question_32
stinkball;question_33
stinkball;question_34
stinkball;question_35
stinkball;question_36
stinkball;question_37
stinkball;question_38
stinkball;question_39
stinkball;question_40
stinkball;question_41
stinkball;question_42
stinkball;question_43
stinkball;question_44
stinkball;question_45
stinkball;question_46
stinkball;question_47
stinkball;question_48
stinkball;question_49
stinkball;question_50
stinkball;question_51
stinkball;question_52
stinkball;question_53
stinkball;question_54
stinkball;question_55
stinkball;question_56
stinkball;question_57
stinkball;question_58
stinkball;question_59
stinkball;question_60
stinkball;question_61
stinkball;question_62
stinkball;question_63
stinkball;question_64
stinkball;question_65
stinkball;question_66
stinkball;question_67
stinkball;question_68
stinkball;question_69
stinkball;question_70
stinkball;question_71
stinkball;question_72
stinkball;question_73
stinkball;question_74
stinkball;question_75
stinkball;question_76
stinkball;question_77
stinkball;question_78
stinkball;question_79
stinkball;question_80
stinkball;question_81
stinkball;question_82
stinkball;question_83
stinkball;question_84
stinkball;question_85
stinkball;question_86
stinkball;question_87
stinkball;question_88
stinkball;question_89
stinkball;question_90
stinkball;question_91
stinkball;question_92
stinkball;question_93
stinkball;question_94
stinkball;question_95
stinkball;question_96
stinkball;question_97
stinkball;question_98
stinkball;question_99
small-bore;question_0
small-bore;question_1
small-bore;question_2
small-bore;question_3
small-bore;question_4
small-bore;question_5
small-bore;question_6
small-bore;question_7
small-bore;question_8
small-bore;question_9
small-bore;question_10
small-bore;question_11
small-bore;question_12
small-bore;question_13
small-bore;question_14
small-bore;question_15
small-bore;question_16
small-bore;question_17
small-bore;question_18
small-bore;question_19
small-bore;question_20
small-bore;question_21
small-bore;question_22
small-bore;question_23
small-bore;question_24
small-bore;question_25
small-bore;question_26
small-bore;question_27
small-bore;question_28
small-bore;question_29
small-bore;question_30
small-bore;question_31
small-bore;question_32
small-bore;question_33
small-bore;question_34
small-bore;question_35
small-bore;question_36
small-bore;question_37
small-bore;question_38
small-bore;question_39
small-bore;question_40
small-bore;question_41
small-bore;question_42
small-bore;question_43
small-bore;question_44
small-bore;question_45
small-bore;question_46
small-bore;question_47
small-bore;question_48
small-bore;question_49
small-bore;question_50
small-bore;question_51
small-bore;question_52
small-bore;question_53
small-bore;question_54
small-bore;question_55
small-bore;question_56
small-bore;question_57
small-bore;question_58
small-bore;question_59
small-bore;question_60
small-bore;question_61
small-bore;question_62
small-bore;question_63
small-bore;question_64
small-bore;question_65
small-bore;question_66
small-bore;question_67
small-bore;question_68
small-bore;question_69
small-bore;question_70
small-bore;question_71
small-bore;question_72
small-bore;question_73
small-bore;question_74
small-bore;question_75
small-bore;question_76
small-bore;question_77
small-bore;question_78
small-bore;question_79
small-bore;question_80
small-bore;question_81
small-bore;question_82
small-bore;question_83
small-bore;question_84
small-bore;question_85
small-bore;question_86
small-bore;question_87
small-bore;question_88
small-bore;question_89
small-bore;question_90
small-bore;question_91
small-bore;question_92
small-bore;question_93
small-bore;question_94
small-bore;question_95
small-bore;question_96
small-bore;question_97
small-bore;question_98
small-bore;question_99
Benedictines;question_100
Benedictines;question_101
Benedictines;question_102
Benedictines;question_103
Benedictines;question_104
Benedictines;question_105
Benedictines;question_106
Benedictines;question_107
Benedictines;question_108
Benedictines;question_109
Benedictines;question_110
Benedictines;question_111
Benedictines;question_112
Benedictines;question_113
Benedictines;question_114
Benedictines;question_115
Benedictines;question_116
Benedictines;question_117
Benedictines;question_118
Benedictines;question_119
Benedictines;question_120
Benedictines;question_121
Benedictines;question_122
Benedictines;question_123
Benedictines;question_124
Benedictines;question_125
Benedictines;question_126
Benedictines;question_127
Benedictines;question_128
Benedictines;question_129
Benedictines;question_130
Benedictines;question_131
Benedictines;question_132
Benedictines;question_133
Benedictines;question_134
Benedictines;question_135
Benedictines;question_136
Benedictines;question_137
Benedictines;question_138
Benedictines;question_139
Benedictines;question_140
Benedictines;question_141
Benedictines;question_142
Benedictines;question_143
Benedictines;question_144
Benedictines;question_145
Benedictines;question_146
Benedictines;question_147
Benedictines;question_148
Benedictines;question_149
tingles;question_100
tingles;question_101
tingles;question_102
tingles;question_103
tingles;question_104
tingles;question_105
tingles;question_106
tingles;question_107
tingles;question_108
tingles;question_109
tingles;question_110
tingles;question_111
tingles;question_112
tingles;question_113
tingles;question_114
tingles;question_115
tingles;question_116
tingles;question_117
tingles;question_118
tingles;question_119
tingles;question_120
tingles;question_121
tingles;question_122
tingles;question_123
tingles;question_124
tingles;question_125
tingles;question_126
tingles;question_127
tingles;question_128
tingles;question_129
tingles;question_130
tingles;question_131
tingles;question_132
tingles;question_133
tingles;question_134
tingles;question_135
tingles;question_136
tingles;question_137
tingles;question_138
tingles;question_139
tingles;question_140
tingles;question_141
tingles;question_142
tingles;question_143
tingles;question_144
tingles;question_145
tingles;question_146
tingles;question_147
tingles;question_148
tingles;question_149
trental;question_100
trental;question_101
trental;question_102
trental;question_103
trental;question_104
trental;question_105
trental;question_106
trental;question_107
trental;question_108
trental;question_109
trental;question_110
trental;question_111
trental;question_112
trental;question_113
trental;question_114
trental;question_115
trental;question_116
trental;question_117
trental;question_118
trental;question_119
trental;question_120
trental;question_121
trental;question_122
trental;question_123
trental;question_124
trental;question_125
trental;question_126
trental;question_127
trental;question_128
trental;question_129
trental;question_130
trental;question_131
trental;question_132
trental;question_133
trental;question_134
trental;question_135
trental;question_136
trental;question_137
trental;question_138
trental;question_139
trental;question_140
trental;question_141
trental;question_142
trental;question_143
trental;question_144
trental;question_145
trental;question_146
trental;question_147
trental;question_148
trental;question_149
overearnest;question_100
overearnest;question_101
overearnest;question_102
overearnest;question_103
overearnest;question_104
overearnest;question_105
overearnest;question_106
overearnest;question_107
overearnest;question_108
overearnest;question_109
overearnest;question_110
overearnest;question_111
overearnest;question_112
overearnest;question_113
overearnest;question_114
overearnest;question_115
overearnest;question_116
overearnest;question_117
overearnest;question_118
overearnest;question_119
overearnest;question_120
overearnest;question_121
overearnest;question_122
overearnest;question_123
overearnest;question_124
overearnest;question_125
overearnest;question_126
overearnest;question_127
overearnest;question_128
overearnest;question_129
overearnest;question_130
overearnest;question_131
overearnest;question_132
overearnest;question_133
overearnest;question_134
overearnest;question_135
overearnest;question_136
overearnest;question_137
overearnest;question_138
overearnest;question_139
overearnest;question_140
overearnest;question_141
overearnest;question_142
overearnest;question_143
overearnest;question_144
overearnest;question_145
overearnest;question_146
overearnest;question_147
overearnest;question_148
overearnest;question_149
rosied;question_100
rosied;question_101
rosied;question_102
rosied;question_103
rosied;question_104
rosied;question_105
rosied;question_106
rosied;question_107
rosied;question_108
rosied;question_109
rosied;question_110
rosied;question_111
rosied;question_112
rosied;question_113
rosied;question_114
rosied;question_115
rosied;question_116
rosied;question_117
rosied;question_118
rosied;question_119
rosied;question_120
rosied;question_121
rosied;question_122
rosied;question_123
rosied;question_124
rosied;question_125
rosied;question_126
rosied;question_127
rosied;question_128
rosied;question_129
rosied;question_130
rosied;question_131
rosied;question_132
rosied;question_133
rosied;question_134
rosied;question_135
rosied;question_136
rosied;question_137
rosied;question_138
rosied;question_139
rosied;question_140
rosied;question_141
rosied;question_142
rosied;question_143
rosied;question_144
rosied;question_145
rosied;question_146
rosied;question_147
rosied;question_148
rosied;question_149
drowsiest;question_100
drowsiest;question_101
drowsiest;question_102
drowsiest;question_103
drowsiest;question_104
drowsiest;question_105
drowsiest;question_106
drowsiest;question_107
drowsiest;question_108
drowsiest;question_109
drowsiest;question_110
drowsiest;question_111
drowsiest;question_112
drowsiest;question_113
drowsiest;question_114
drowsiest;question_115
drowsiest;question_116
drowsiest;question_117
drowsiest;question_118
drowsiest;question_119
drowsiest;question_120
drowsiest;question_121
drowsiest;question_122
drowsiest;question_123
drowsiest;question_124
drowsiest;question_125
drowsiest;question_126
drowsiest;question_127
drowsiest;question_128
drowsiest;question_129
drowsiest;question_130
drowsiest;question_131
drowsiest;question_132
drowsiest;question_133
drowsiest;question_134
drowsiest;question_135
drowsiest;question_136
drowsiest;question_137
drowsiest;question_138
drowsiest;question_139
drowsiest;question_140
drowsiest;question_141
drowsiest;question_142
drowsiest;question_143
drowsiest;question_144
drowsiest;question_145
drowsiest;question_146
drowsiest;question_147
drowsiest;question_148
drowsiest;question_149
aerograms;question_100
aerograms;question_101
aerograms;question_102
aerograms;question_103
aerograms;question_104
aerograms;question_105
aerograms;question_106
aerograms;question_107
aerograms;question_108
aerograms;question_109
aerograms;question_110
aerograms;question_111
aerograms;question_112
aerograms;question_113
aerograms;question_114
aerograms;question_115
aerograms;question_116
aerograms;question_117
aerograms;question_118
aerograms;question_119
aerograms;question_120
aerograms;question_121
aerograms;question_122
aerograms;question_123
aerograms;question_124
aerograms;question_125
aerograms;question_126
aerograms;question_127
aerograms;question_128
aerograms;question_129
aerograms;question_130
aerograms;question_131
aerograms;question_132
aerograms;question_133
aerograms;question_134
aerograms;question_135
aerograms;question_136
aerograms;question_137
aerograms;question_138
aerograms;question_139
aerograms;question_140
aerograms;question_141
aerograms;question_142
aerograms;question_143
aerograms;question_144
aerograms;question_145
aerograms;question_146
aerograms;question_147
aerograms;question_148
aerograms;question_149
calumniatory;question_100
calumniatory;question_101
calumniatory;question_102
calumniatory;question_103
calumniatory;question_104
calumniatory;question_105
calumniatory;question_106
calumniatory;question_107
calumniatory;question_108
calumniatory;question_109
calumniatory;question_110
calumniatory;question_111
calumniatory;question_112
calumniatory;question_113
calumniatory;question_114
calumniatory;question_115
calumniatory;question_116
calumniatory;question_117
calumniatory;question_118
calumniatory;question_119
calumniatory;question_120
calumniatory;question_121
calumniatory;question_122
calumniatory;question_123
calumniatory;question_124
calumniatory;question_125
calumniatory;question_126
calumniatory;question_127
calumniatory;question_128
calumniatory;question_129
calumniatory;question_130
calumniatory;question_131
calumniatory;question_132
calumniatory;question_133
calumniatory;question_134
calumniatory;question_135
calumniatory;question_136
calumniatory;question_137
calumniatory;question_138
calumniatory;question_139
calumniatory;question_140
calumniatory;question_141
calumniatory;question_142
calumniatory;question_143
calumniatory;question_144
calumniatory;question_145
calumniatory;question_146
calumniatory;question_147
calumniatory;question_148
calumniatory;question_149
hoverflies;question_100
hoverflies;question_101
hoverflies;question_102
hoverflies;question_103
hoverflies;question_104
hoverflies;question_105
hoverflies;question_106
hoverflies;question_107
hoverflies;question_108
hoverflies;question_109
hoverflies;question_110
hoverflies;question_111
hoverflies;question_112
hoverflies;question_113
hoverflies;question_114
hoverflies;question_115
hoverflies;question_116
hoverflies;question_117
hoverflies;question_118
hoverflies;question_119
hoverflies;question_120
hoverflies;question_121
hoverflies;question_122
hoverflies;question_123
hoverflies;question_124
hoverflies;question_125
hoverflies;question_126
hoverflies;question_127
hoverflies;question_128
hoverflies;question_129
hoverflies;question_130
hoverflies;question_131
hoverflies;question_132
hoverflies;question_133
hoverflies;question_134
hoverflies;question_135
hoverflies;question_136
hoverflies;question_137
hoverflies;question_138
hoverflies;question_139
hoverflies;question_140
hoverflies;question_141
hoverflies;question_142
hoverflies;question_143
hoverflies;question_144
hoverflies;question_145
hoverflies;question_146
hoverflies;question_147
hoverflies;question_148
hoverflies;question_149
Yosemite;question_100
Yosemite;question_101
Yosemite;question_102
Yosemite;question_103
Yosemite;question_104
Yosemite;question_105
Yosemite;question_106
Yosemite;question_107
Yosemite;question_108
Yosemite;question_109
Yosemite;question_110
Yosemite;question_111
Yosemite;question_112
Yosemite;question_113
Yosemite;question_114
Yosemite;question_115
Yosemite;question_116
Yosemite;question_117
Yosemite;question_118
Yosemite;question_119
Yosemite;question_120
Yosemite;question_121
Yosemite;question_122
Yosemite;question_123
Yosemite;question_124
Yosemite;question_125
Yosemite;question_126
Yosemite;question_127
Yosemite;question_128
Yosemite;question_129
Yosemite;question_130
Yosemite;question_131
Yosemite;question_132
Yosemite;question_133
Yosemite;question_134
Yosemite;question_135
Yosemite;question_136
Yosemite;question_137
Yosemite;question_138
Yosemite;question_139
Yosemite;question_140
Yosemite;question_141
Yosemite;question_142
Yosemite;question_143
Yosemite;question_144
Yosemite;question_145
Yosemite;question_146
Yosemite;question_147
Yosemite;question_148
Yosemite;question_149
Forro;question_150
Forro;question_151
Forro;question_152
Forro;question_153
Forro;question_154
Forro;question_155
Forro;question_156
Forro;question_157
Forro;question_158
Forro;question_159
Forro;question_160
Forro;question_161
Forro;question_162
Forro;question_163
Forro;question_164
Forro;question_165
Forro;question_166
Forro;question_167
Forro;question_168
Forro;question_169
Forro;question_170
Forro;question_171
Forro;question_172
Forro;question_173
Forro;question_174
Forro;question_175
Forro;question_176
Forro;question_177
Forro;question_178
Forro;question_179
Forro;question_180
Forro;question_181
Forro;question_182
Forro;question_183
Forro;question_184
Forro;question_185
Forro;question_186
Forro;question_187
Forro;question_188
Forro;question_189
Forro;question_190
Forro;question_191
Forro;question_192
Forro;question_193
Forro;question_194
Forro;question_195
Forro;question_196
Forro;question_197
Forro;question_198
Forro;question_199
microcap;question_150
microcap;question_151
microcap;question_152
microcap;question_153
microcap;question_154
microcap;question_155
microcap;question_156
microcap;question_157
microcap;question_158
microcap;question_159
microcap;question_160
microcap;question_161
microcap;question_162
microcap;question_163
microcap;question_164
microcap;question_165
microcap;question_166
microcap;question_167
microcap;question_168
microcap;question_169
microcap;question_170
microcap;question_171
microcap;question_172
microcap;question_173
microcap;question_174
microcap;question_175
microcap;question_176
microcap;question_177
microcap;question_178
microcap;question_179
microcap;question_180
microcap;question_181
microcap;question_182
microcap;question_183
microcap;question_184
microcap;question_185
microcap;question_186
microcap;question_187
microcap;question_188
microcap;question_189
microcap;question_190
microcap;question_191
microcap;question_192
microcap;question_193
microcap;question_194
microcap;question_195
microcap;question_196
microcap;question_197
microcap;question_198
microcap;question_199
antimetabolites;question_150
antimetabolites;question_151
antimetabolites;question_152
antimetabolites;question_153
antimetabolites;question_154
antimetabolites;question_155
antimetabolites;question_156
antimetabolites;question_157
antimetabolites;question_158
antimetabolites;question_159
antimetabolites;question_160
antimetabolites;question_161
antimetabolites;question_162
antimetabolites;question_163
antimetabolites;question_164
antimetabolites;question_165
antimetabolites;question_166
antimetabolites;question_167
antimetabolites;question_168
antimetabolites;question_169
antimetabolites;question_170
antimetabolites;question_171
antimetabolites;question_172
antimetabolites;question_173
antimetabolites;question_174
antimetabolites;question_175
antimetabolites;question_176
antimetabolites;question_177
antimetabolites;question_178
antimetabolites;question_179
antimetabolites;question_180
antimetabolites;question_181
antimetabolites;question_182
antimetabolites;question_183
antimetabolites;question_184
antimetabolites;question_185
antimetabolites;question_186
antimetabolites;question_187
antimetabolites;question_188
antimetabolites;question_189
antimetabolites;question_190
antimetabolites;question_191
antimetabolites;question_192
antimetabolites;question_193
antimetabolites;question_194
antimetabolites;question_195
antimetabolites;question_196
antimetabolites;question_197
antimetabolites;question_198
antimetabolites;question_199
superbug;question_150
superbug;question_151
superbug;question_152
superbug;question_153
superbug;question_154
superbug;question_155
superbug;question_156
superbug;question_157
superbug;question_158
superbug;question_159
superbug;question_160
superbug;question_161
superbug;question_162
superbug;question_163
superbug;question_164
superbug;question_165
superbug;question_166
superbug;question_167
superbug;question_168
superbug;question_169
superbug;question_170
superbug;question_171
superbug;question_172
superbug;question_173
superbug;question_174
superbug;question_175
superbug;question_176
superbug;question_177
superbug;question_178
superbug;question_179
superbug;question_180
superbug;question_181
superbug;question_182
superbug;question_183
superbug;question_184
superbug;question_185
superbug;question_186
superbug;question_187
superbug;question_188
superbug;question_189
superbug;question_190
superbug;question_191
superbug;question_192
superbug;question_193
superbug;question_194
superbug;question_195
superbug;question_196
superbug;question_197
superbug;question_198
superbug;question_199
fairweather;question_150
fairweather;question_151
fairweather;question_152
fairweather;question_153
fairweather;question_154
fairweather;question_155
fairweather;question_156
fairweather;question_157
fairweather;question_158
fairweather;question_159
fairweather;question_160
fairweather;question_161
fairweather;question_162
fairweather;question_163
fairweather;question_164
fairweather;question_165
fairweather;question_166
fairweather;question_167
fairweather;question_168
fairweather;question_169
fairweather;question_170
fairweather;question_171
fairweather;question_172
fairweather;question_173
fairweather;question_174
fairweather;question_175
fairweather;question_176
fairweather;question_177
fairweather;question_178
fairweather;question_179
fairweather;question_180
fairweather;question_181
fairweather;question_182
fairweather;question_183
fairweather;question_184
fairweather;question_185
fairweather;question_186
fairweather;question_187
fairweather;question_188
fairweather;question_189
fairweather;question_190
fairweather;question_191
fairweather;question_192
fairweather;question_193
fairweather;question_194
fairweather;question_195
fairweather;question_196
fairweather;question_197
fairweather;question_198
fairweather;question_199
carol;question_150
carol;question_151
carol;question_152
carol;question_153
carol;question_154
carol;question_155
carol;question_156
carol;question_157
carol;question_158
carol;question_159
carol;question_160
carol;question_161
carol;question_162
carol;question_163
carol;question_164
carol;question_165
carol;question_166
carol;question_167
carol;question_168
carol;question_169
carol;question_170
carol;question_171
carol;question_172
carol;question_173
carol;question_174
carol;question_175
carol;question_176
carol;question_177
carol;question_178
carol;question_179
carol;question_180
carol;question_181
carol;question_182
carol;question_183
carol;question_184
carol;question_185
carol;question_186
carol;question_187
carol;question_188
carol;question_189
carol;question_190
carol;question_191
carol;question_192
carol;question_193
carol;question_194
carol;question_195
carol;question_196
carol;question_197
carol;question_198
carol;question_199
cittern-head;question_150
cittern-head;question_151
cittern-head;question_152
cittern-head;question_153
cittern-head;question_154
cittern-head;question_155
cittern-head;question_156
cittern-head;question_157
cittern-head;question_158
cittern-head;question_159
cittern-head;question_160
cittern-head;question_161
cittern-head;question_162
cittern-head;question_163
cittern-head;question_164
cittern-head;question_165
cittern-head;question_166
cittern-head;question_167
cittern-head;question_168
cittern-head;question_169
cittern-head;question_170
cittern-head;question_171
cittern-head;question_172
cittern-head;question_173
cittern-head;question_174
cittern-head;question_175
cittern-head;question_176
cittern-head;question_177
cittern-head;question_178
cittern-head;question_179
cittern-head;question_180
cittern-head;question_181
cittern-head;question_182
cittern-head;question_183
cittern-head;question_184
cittern-head;question_185
cittern-head;question_186
cittern-head;question_187
cittern-head;question_188
cittern-head;question_189
cittern-head;question_190
cittern-head;question_191
cittern-head;question_192
cittern-head;question_193
cittern-head;question_194
cittern-head;question_195
cittern-head;question_196
cittern-head;question_197
cittern-head;question_198
cittern-head;question_199
Kirchhoff;question_150
Kirchhoff;question_151
Kirchhoff;question_152
Kirchhoff;question_153
Kirchhoff;question_154
Kirchhoff;question_155
Kirchhoff;question_156
Kirchhoff;question_157
Kirchhoff;question_158
Kirchhoff;question_159
Kirchhoff;question_160
Kirchhoff;question_161
Kirchhoff;question_162
Kirchhoff;question_163
Kirchhoff;question_164
Kirchhoff;question_165
Kirchhoff;question_166
Kirchhoff;question_167
Kirchhoff;question_168
Kirchhoff;question_169
Kirchhoff;question_170
Kirchhoff;question_171
Kirchhoff;question_172
Kirchhoff;question_173
Kirchhoff;question_174
Kirchhoff;question_175
Kirchhoff;question_176
Kirchhoff;question_177
Kirchhoff;question_178
Kirchhoff;question_179
Kirchhoff;question_180
Kirchhoff;question_181
Kirchhoff;question_182
Kirchhoff;question_183
Kirchhoff;question_184
Kirchhoff;question_185
Kirchhoff;question_186
Kirchhoff;question_187
Kirchhoff;question_188
Kirchhoff;question_189
Kirchhoff;question_190
Kirchhoff;question_191
Kirchhoff;question_192
Kirchhoff;question_193
Kirchhoff;question_194
Kirchhoff;question_195
Kirchhoff;question_196
Kirchhoff;question_197
Kirchhoff;question_198
Kirchhoff;question_199
temibility;question_150
temibility;question_151
temibility;question_152
temibility;question_153
temibility;question_154
temibility;question_155
temibility;question_156
temibility;question_157
temibility;question_158
temibility;question_159
temibility;question_160
temibility;question_161
temibility;question_162
temibility;question_163
temibility;question_164
temibility;question_165
temibility;question_166
temibility;question_167
temibility;question_168
temibility;question_169
temibility;question_170
temibility;question_171
temibility;question_172
temibility;question_173
temibility;question_174
temibility;question_175
temibility;question_176
temibility;question_177
temibility;question_178
temibility;question_179
temibility;question_180
temibility;question_181
temibility;question_182
temibility;question_183
temibility;question_184
temibility;question_185
temibility;question_186
temibility;question_187
temibility;question_188
temibility;question_189
temibility;question_190
temibility;question_191
temibility;question_192
temibility;question_193
temibility;question_194
temibility;question_195
temibility;question_196
temibility;question_197
temibility;question_198
temibility;question_199
litigant;question_150
litigant;question_151
litigant;question_152
litigant;question_153
litigant;question_154
litigant;question_155
litigant;question_156
litigant;question_157
litigant;question_158
litigant;question_159
litigant;question_160
litigant;question_161
litigant;question_162
litigant;question_163
litigant;question_164
litigant;question_165
litigant;question_166
litigant;question_167
litigant;question_168
litigant;question_169
litigant;question_170
litigant;question_171
litigant;question_172
litigant;question_173
litigant;question_174
litigant;question_175
litigant;question_176
litigant;question_177
litigant;question_178
litigant;question_179
litigant;question_180
litigant;question_181
litigant;question_182
litigant;question_183
litigant;question_184
litigant;question_185
litigant;question_186
litigant;question_187
litigant;question_188
litigant;question_189
litigant;question_190
litigant;question_191
litigant;question_192
litigant;question_193
litigant;question_194
litigant;question_195
litigant;question_196
litigant;question_197
litigant;question_198
litigant;question_199
