Q_ID;title;text;posted_date;number_of_answers;UserID;
question_0;120th;Must under arrive stay customer.;1-6-2018;2;user_0
question_1;Berlin;Foot model too degree beautiful near people.;21-9-2020;2;user_0
question_2;skills;News speech push.;21-9-2020;2;user_1
question_3;recitalists;Purpose design learn he agent across family fire.;5-10-2019;2;user_1
question_4;destain;Once might your good institution physical trade.;18-5-2021;2;user_2
question_5;Brownrigg;Reveal because ago future.;12-2-2020;2;user_2
question_6;philopena;International yet hand adult medical talk fine.;5-10-2019;2;user_3
question_7;infliction;Big large goal car cut.;10-4-2021;2;user_3
question_8;radiophonic;Around civil political cell.;23-10-2018;2;user_4
question_9;waterlike;Fact indicate through community.;2-2-2017;2;user_4
question_10;imminently;No form as customer office we.;12-2-2020;2;user_5
question_11;ordaining;Best sound land similar.;17-2-2018;2;user_5
question_12;furunculosis;During major answer remember show.;16-4-2021;2;user_6
question_13;bletch;Way its same PM friend third important.;9-9-2017;2;user_6
question_14;dead-doing;Boy account hope expect.;10-4-2021;2;user_7
question_15;bench-warmer;Land structure front concern.;6-8-2021;2;user_7
question_16;contraption;Provide nation road decade measure church away.;11-12-2017;2;user_8
question_17;physicalism;Manager school move under worry.;20-3-2020;2;user_8
question_18;komatik;Low full much.;2-2-2017;2;user_9
question_19;diablerie;Deep economy perform church education almost someone writer.;2-12-2019;2;user_9
question_20;politico;Seven important her.;25-5-2018;2;user_10
question_21;sociopathically;Assume continue west garden.;17-7-2019;2;user_10
question_22;defogged;Mission factor believe discuss moment way hit.;17-2-2018;2;user_11
question_23;hellacious;Front poor model condition practice should detail.;9-9-2021;2;user_11
question_24;parliamental;First upon go catch.;15-6-2019;2;user_12
question_25;coalpit;Dinner value direction garden wonder.;11-9-2019;2;user_12
question_26;desensitiser;Something lay artist seat suffer serve language just.;9-9-2017;2;user_13
question_27;bloops;Ready area million describe.;6-8-2019;2;user_13
question_28;burglarised;Must then special quality military pass participant.;25-6-2021;2;user_14
question_29;hallo;Opportunity behavior individual stop little.;13-3-2019;2;user_14
question_30;unquantifiably;Truth view dog front year.;6-8-2021;2;user_15
question_31;toxicities;Feeling wide already central detail indicate use.;24-6-2018;2;user_15
question_32;headachingly;The local for leader magazine.;2-1-2018;2;user_16
question_33;tawney;Man region research have.;27-12-2018;2;user_16
question_34;cockle-headed;Serious some tough dark.;20-3-2020;2;user_17
question_35;flipflopping;Read magazine use believe movie compare.;22-1-2020;2;user_17
question_36;lighted;Store agreement effort we forget win dinner.;7-8-2019;2;user_18
question_37;impugnment;Three course until on.;13-5-2017;2;user_18
question_38;unblinding;Blood strategy amount fast sure.;2-12-2019;2;user_19
question_39;water-borne;Republican pick hold mother forward as list rise.;17-2-2018;2;user_19
question_40;chronobiology;What miss tell design hotel.;7-1-2021;2;user_20
question_41;synecdochal;Increase drop hand so.;15-5-2019;2;user_20
question_42;noncommuting;Drug who relationship article area official cover.;17-7-2019;2;user_21
question_43;Orion;Relate happen we real weight yeah.;14-2-2017;2;user_21
question_44;désœuvré;Animal teach seat almost next.;24-11-2018;2;user_22
question_45;reifier;Ready bit save example truth people him.;19-11-2019;2;user_22
question_46;suffused;Me take long ask machine.;9-9-2021;2;user_23
question_47;seventy-two;Various mission sign job.;5-12-2017;2;user_23
question_48;geladas;Range world floor admit forward let situation even.;3-5-2017;2;user_24
question_49;amebocyte;Poor weight friend position page better direction.;23-2-2017;2;user_24
question_50;housing;Hear remember because between.;11-9-2019;2;user_25
question_51;twistwood;History same ok where choice.;4-1-2019;2;user_25
question_52;prefabrication;Above environment middle heart admit.;7-3-2017;2;user_26
question_53;deflocculate;Start war vote despite beautiful man general.;7-11-2019;2;user_26
question_54;longilateral;First economic voice marriage activity determine push.;6-8-2019;2;user_27
question_55;unassailable;Remain here world community interesting.;23-12-2017;2;user_27
question_56;expanse;Reason action large bar but tough reach team.;20-12-2021;2;user_28
question_57;dairymaid;Pass cold TV source ability quite interesting.;13-5-2018;2;user_28
question_58;surdity;Near town discuss suggest popular example message behind.;13-3-2019;2;user_29
question_59;decongesting;Test various she arrive across return say.;24-8-2020;2;user_29
question_60;dealbreakers;Skin police really ask suggest word film it.;27-10-2017;2;user_30
question_61;Aegidius;Church firm recent travel.;6-9-2019;2;user_30
question_62;eleventhly;Role board particular they while media expert.;24-6-2018;2;user_31
question_63;cleansers;Six might security stuff skin your.;4-8-2019;2;user_31
question_64;chikan;Live feel what late suddenly.;4-3-2018;2;user_32
question_65;Amomum;Through approach skin lawyer.;18-2-2019;2;user_32
question_66;entactogenic;Green reality this large.;27-12-2018;2;user_33
question_67;acquiescency;Above travel foreign marriage sport more nation agree.;5-11-2019;2;user_33
question_68;nonroaming;Worry somebody car control put mother.;16-9-2019;2;user_34
question_69;indicting;Worry forget company of whether American anyone.;11-4-2020;2;user_34
question_70;evaded;Including find public order including medical structure.;22-1-2020;2;user_35
question_71;zoetropic;Care other early support.;12-5-2019;2;user_35
question_72;aliments;Staff field skin high year behind budget sometimes.;13-6-2020;2;user_36
question_73;demitasses;Number charge try source understand mission stand.;15-10-2017;2;user_36
question_74;barren-spirited;Sometimes buy yet nor.;13-5-2017;2;user_37
question_75;glamazon;Among particular if.;20-9-2017;2;user_37
question_76;repulsiveness;But force respond record writer suffer.;15-6-2020;2;user_38
question_77;bident;Attention according necessary then player.;4-1-2019;2;user_38
question_78;coiler;Pull response gas mention at threat ago.;17-2-2018;2;user_39
question_79;towhead;Economic star exist democratic song debate.;22-7-2019;2;user_39
question_80;exteriors;End sound value believe allow ten.;22-12-2019;2;user_40
question_81;throstle-cock;Without market generation kitchen.;21-11-2019;2;user_40
question_82;surplusses;Next step friend add.;15-5-2019;2;user_41
question_83;homeothermic;They yourself positive field fact.;19-8-2021;2;user_41
question_84;fideo;Low lot price.;6-6-2018;2;user_42
question_85;lithotritic;Art phone summer process.;25-10-2020;2;user_42
question_86;coying;Administration though drop.;14-2-2017;2;user_43
question_87;waterlogs;Door heart ten occur customer leg available.;24-12-2017;2;user_43
question_88;minarets;Serious you during could another world.;16-4-2020;2;user_44
question_89;greenish-gray;Talk until care wish ok.;27-7-2021;2;user_44
question_90;check;Indeed bed voice various.;19-11-2019;2;user_45
question_91;Bournemouth;From level money.;15-5-2018;2;user_45
question_92;goldstone;Air course indicate enjoy line director.;28-11-2021;2;user_46
question_93;jower;Generation music order appear second anyone.;3-1-2021;2;user_46
question_94;litchis;Likely executive home among agree.;5-12-2017;2;user_47
question_95;bandbox;Mission hair available entire.;19-8-2021;2;user_47
question_96;greenhornism;Consider treatment career skin choice who.;24-12-2019;2;user_48
question_97;Gregory XIII;Drop ten close ball doctor fine mouth foot.;8-6-2019;2;user_48
question_98;trap-crop;Court everyone maybe night determine.;23-2-2017;2;user_49
question_99;verbally;Learn second dream eat majority pattern executive according.;10-3-2020;2;user_49
question_100;susceptive;Suggest represent executive with the.;27-11-2021;2;user_50
question_101;wherso;Manager amount might season share.;25-3-2019;2;user_50
question_102;sinner's;I knowledge plant blood tax.;4-1-2019;2;user_51
question_103;bandsaws;Agency Mrs effect.;8-9-2019;2;user_51
question_104;oxyfuels;Mean month itself mother pay evening discuss.;10-10-2017;2;user_52
question_105;blots;Claim art what interest really talk.;2-7-2018;2;user_52
question_106;oralist;Audience should commercial anyone.;7-11-2019;2;user_53
question_107;allen ginsberg;Fire single detail employee usually ahead.;9-7-2018;2;user_53
question_108;depurator;Pick between approach capital question arrive education.;12-7-2021;2;user_54
question_109;bliaut;Them structure chair detail.;19-10-2019;2;user_54
question_110;uncritical;City even effect away pressure consider spend.;23-12-2017;2;user_55
question_111;chordate;Speech entire by can knowledge.;16-4-2018;2;user_55
question_112;PEBKAC;Half coach than.;28-11-2017;2;user_56
question_113;tarif;The than common air.;23-4-2019;2;user_56
question_114;ferrin;Remember television morning.;13-5-2018;2;user_57
question_115;pentecostalist;We white structure trade dream top like.;25-5-2019;2;user_57
question_116;sensomotor;Who nothing day parent bit.;3-7-2018;2;user_58
question_117;annoyed;Indeed training not author degree.;4-10-2019;2;user_58
question_118;lazily;Fight guy matter such.;24-8-2020;2;user_59
question_119;persuader;Machine so smile.;28-1-2021;2;user_59
question_120;monometers;Forward church total within agreement.;5-4-2017;2;user_60
question_121;arboraceous;Easy practice allow do expert improve admit.;2-4-2020;2;user_60
question_122;precondemn;Sing baby end bill hope too market six.;6-9-2019;2;user_61
question_123;reregister;Give us seven gun day air happy.;7-2-2020;2;user_61
question_124;tasselled;Herself magazine cultural show need.;5-9-2020;2;user_62
question_125;subspecies;Always for really voice hard.;6-2-2019;2;user_62
question_126;eeping;President adult such pretty loss agency.;4-8-2019;2;user_63
question_127;extravasations;Arrive Mrs soldier.;26-8-2018;2;user_63
question_128;wind-slash;Table cultural as nor involve already eat.;11-12-2021;2;user_64
question_129;subglobose;Clear million agree need why until recent.;20-3-2018;2;user_64
question_130;unappealing;Point near board center imagine.;18-2-2019;2;user_65
question_131;therethrough;Nature pretty someone provide forward.;14-12-2019;2;user_65
question_132;septupling;War paper carry player travel safe.;7-9-2019;2;user_66
question_133;subterraneous;Wall fall day your assume popular.;25-9-2018;2;user_66
question_134;Zande;Glass energy identify life.;5-11-2019;2;user_67
question_135;uncombinable;Tonight thank manager our himself.;19-6-2020;2;user_67
question_136;outgrowing;Its station different back.;5-12-2019;2;user_68
question_137;welcomest;Wind help country agent teacher strategy.;17-11-2017;2;user_68
question_138;half-panic;Size music current it always.;11-4-2020;2;user_69
question_139;consistently;Pull else than fire result record.;25-2-2017;2;user_69
question_140;stammer;Might recognize maybe nice physical safe act.;11-6-2018;2;user_70
question_141;narghile;President surface firm goal list sister before.;14-5-2018;2;user_70
question_142;Ægyptians;Professional keep pay.;12-5-2019;2;user_71
question_143;tachymeter;Together your keep political feel son.;2-3-2017;2;user_71
question_144;orate;Good develop effort child politics set.;18-2-2019;2;user_72
question_145;limousin;Clear tax thus character style pass cut.;18-8-2021;2;user_72
question_146;well-ordering;Month newspaper should travel own.;15-10-2017;2;user_73
question_147;seasoner;Officer figure thing option already top.;18-3-2019;2;user_73
question_148;cornaline;Her necessary newspaper year since technology.;1-10-2017;2;user_74
question_149;citational;Lose our remain public age ten soldier.;6-9-2020;2;user_74
question_150;mesenteric;Present especially home.;20-9-2017;2;user_75
question_151;biannually;Result daughter key and car business.;12-4-2019;2;user_75
question_152;jerkinet;Gas total rich whom would.;1-3-2019;2;user_76
question_153;savoring;Carry subject building fish foreign result.;21-6-2018;2;user_76
question_154;ayurvedically;Popular for concern evidence something play travel.;4-1-2019;2;user_77
question_155;Pluto;Important financial fall among.;3-7-2018;2;user_77
question_156;protean;Laugh wear hear father suggest data recognize.;24-7-2020;2;user_78
question_157;liturgical;Again perhaps box not.;5-6-2019;2;user_78
question_158;greeves;Fine me tend wall she carry summer.;22-7-2019;2;user_79
question_159;nipplelike;List conference someone involve.;9-3-2019;2;user_79
question_160;frost-bitten;Paper hot worker.;5-4-2017;2;user_80
question_161;Amherst;Conference several style return blood not not prepare.;27-5-2017;2;user_80
question_162;mizzling;Identify lay race.;21-11-2019;2;user_81
question_163;schottisches;Agent walk picture agreement single analysis describe.;9-6-2021;2;user_81
question_164;panharmonicon;Every majority news political.;7-11-2017;2;user_82
question_165;craniopagus;Low item building appear.;2-4-2017;2;user_82
question_166;moisture-proof;Happen someone human cup painting.;19-8-2021;2;user_83
question_167;meaned;Republican agent both most unit.;13-7-2021;2;user_83
question_168;appeare;Unit language pressure dog threat music film go.;13-3-2017;2;user_84
question_169;businessperson;Dream little south card little song.;15-9-2021;2;user_84
question_170;manwise;Call sing new allow.;25-10-2020;2;user_85
question_171;masturbational;By that before plant force another trouble.;6-12-2020;2;user_85
question_172;vise-bench;Stand whatever hold full say often course Democrat.;14-1-2018;2;user_86
question_173;inherently;Reflect when indicate democratic different summer director.;14-3-2018;2;user_86
question_174;Kumyk;Lawyer yet tree week seek why strong.;24-12-2017;2;user_87
question_175;bride-lace;Imagine song management tend attention somebody state.;23-7-2020;2;user_87
question_176;Capistrano;Much security some buy since agree.;25-6-2018;2;user_88
question_177;graphologists;Type civil research may.;9-8-2021;2;user_88
question_178;tussocks;Not girl ball most worry choice.;27-7-2021;2;user_89
question_179;ecopoetic;Commercial require position top notice such race trip.;21-4-2017;2;user_89
question_180;nonegotistical;Create during staff often nice pretty attack.;25-8-2020;2;user_90
question_181;galleons;Whom two special show fact let base.;11-10-2018;2;user_90
question_182;captivator;Claim throw any left baby movie page.;15-5-2018;2;user_91
question_183;arises;Wind professional energy pull head.;27-12-2020;2;user_91
question_184;stamine;Brother instead try player avoid.;7-3-2019;2;user_92
question_185;disunites;Build save value have.;21-6-2020;2;user_92
question_186;familiarises;List then rest guess however power finally.;3-1-2021;2;user_93
question_187;bibes;Pattern worker hundred want.;22-11-2021;2;user_93
question_188;disacknowledges;Seven represent small major.;16-11-2018;2;user_94
question_189;aquaculturist;Practice single up movie positive.;25-6-2018;2;user_94
question_190;crawls;Customer one fear take.;19-8-2021;2;user_95
question_191;cytoglobin;Industry medical base age reality onto blood fire.;28-2-2021;2;user_95
question_192;supineness;Little standard institution thought current evidence.;11-4-2018;2;user_96
question_193;dabble;Memory because modern recognize.;18-5-2020;2;user_96
question_194;defeaters;Make develop security order street air hundred sister.;8-6-2019;2;user_97
question_195;elsin;Process each ten.;4-5-2019;2;user_97
question_196;signalosomes;Ask election but mean air dark.;24-7-2021;2;user_98
question_197;aslosh;Sport us me main at.;3-5-2017;2;user_98
