UserID;name;email;password;
user_0;stressedChowder0;CarrieKelly@saas.gr;dupm8FjY
user_1;resolvedChile4;ValerieRamirez@saas.gr;3UfZTyn0
user_2;crushedGarlic4;BrookeCarter@saas.gr;8xfdOopO
user_3;exactingWhiting6;TylerHolt@saas.gr;GUOfhuzG
user_4;aboardRhino6;ThomasFrazier@saas.gr;TS4aKzVU
user_5;peskyOwl7;AndrewReed@saas.gr;stAeIOlD
user_6;abjectVenison6;BenjaminRobinson@saas.gr;o7TJJJ7G
user_7;aloofBoars6;DavidSims@saas.gr;A3KvRCpv
user_8;contentPup7;KimberlyDavis@saas.gr;yfYpC1dN
user_9;mildEland1;MarkWise@saas.gr;17zdIFFp
user_10;affectedViper5;ScottBarnes@saas.gr;tKYsojO0
user_11;culturedLapwing7;FeliciaJones@saas.gr;iq58XXcl
user_12;hushedTermite8;KellyGolden@saas.gr;qNnpHkHe
user_13;awedPretzels8;CynthiaElliott@saas.gr;zGIlczNC
user_14;decimalRhino6;MichaelHo@saas.gr;8nlZ9oPW
user_15;decimalCordial4;KristinaTorres@saas.gr;Ygr2yfPQ
user_16;troubledTeal2;JudyMullen@saas.gr;24PyxoHU
user_17;dejectedTeal2;ChelseaSanchez@saas.gr;ZQGW43QW
user_18;sheepishViper4;TanyaGomez@saas.gr;rFv1roQM
user_19;wrathfulGelding1;WilliamObrien@saas.gr;lPv8KIaI
user_20;similarEagle0;JohnMitchell@saas.gr;a4SaWYob
user_21;contentBoars6;MichelleFleming@saas.gr;rx2qEkco
user_22;somberApples8;KathrynRivera@saas.gr;u4nWgO4A
user_23;unhappyGelding0;SaraSchroeder@saas.gr;nkBVEm4k
user_24;needfulSalami2;ThomasSimmons@saas.gr;49aQAkuz
user_25;stressedRat9;SarahFerguson@saas.gr;oVxgTNS3
user_26;fondCoati1;AlanHarris@saas.gr;El7ly2Jr
user_27;forsakenChamois7;TylerLewis@saas.gr;R4oFCyWh
user_28;exactingSyrup5;KevinReyes@saas.gr;dmXrpp7C
user_29;ardentWigeon9;KristopherBeck@saas.gr;t3gxlGB3
user_30;humorousCaribou9;KendraSampson@saas.gr;xuznnEsn
user_31;insecureCod7;StevenWood@saas.gr;P2iTkt3u
user_32;panickySeagull6;KellyDunlap@saas.gr;EvsvjoSb
user_33;eagerBustard0;ErinGregory@saas.gr;UzpOPzEd
user_34;wornoutMandrill5;JasmineHamilton@saas.gr;MlKB4ML7
user_35;exactingWidgeon4;FeliciaHogan@saas.gr;gsCrGIrD
user_36;wingedWhiting0;ElizabethHill@saas.gr;3BLRc8z0
user_37;similarCur7;MichaelJames@saas.gr;lbjxbbFu
user_38;scornfulStork1;IsabellaClay@saas.gr;WY8q1fI1
user_39;jealousCrackers8;TheresaGilbert@saas.gr;flg6Ysva
user_40;innocentChile2;SarahSmith@saas.gr;HdYfRrwX
user_41;euphoricCow8;JenniferKerr@saas.gr;lnCvZWZh
user_42;zestyLlama0;HeatherWalker@saas.gr;Q6IHSIq3
user_43;holisticGranola8;MiguelTorres@saas.gr;pAGjyjEr
user_44;eagerLollies8;RichardNunez@saas.gr;wDgWAf14
user_45;grumpyLeopard3;KatherineSimon@saas.gr;wVn8Kz7c
user_46;vengefulTomatoe5;NicoleSmith@saas.gr;AcyGEdJP
user_47;obsessedDingo1;EmilyMccann@saas.gr;fS9MGVV4
user_48;outlyingTomatoe3;ChristinaChambers@saas.gr;UIL0VyXn
user_49;crushedLeopard7;JuanRusso@saas.gr;kOgLCAOW
user_50;puzzledCrackers6;SeanCurtis@saas.gr;qcxTbZuV
user_51;blissfulPlover2;JacobFerguson@saas.gr;i0641l7J
user_52;zestyCrane7;MelissaFrey@saas.gr;NcLsVVKV
user_53;blissfulJaguar6;JerryBailey@saas.gr;k41qJl3K
user_54;thriftyLard3;AlecFigueroa@saas.gr;wkl2O1S0
user_55;solemnThrushe3;JillianSellers@saas.gr;FLoKK1SU
user_56;dreadfulRuffs0;TamaraSerrano@saas.gr;2VM2ub2v
user_57;dopeyCrackers5;SusanRollins@saas.gr;pbvdmyKa
user_58;mereBustard3;JamesSmith@saas.gr;aXIAdVBe
user_59;dearFalcon2;ColleenHo@saas.gr;ziRzQ5mW
user_60;enviousLion4;ErinMorales@saas.gr;Af6i56Fb
user_61;decimalDinosaur1;BarbaraHall@saas.gr;Oaivwn3H
user_62;ashamedLizard8;ElizabethDean@saas.gr;Sd2aUEQ0
user_63;excludedCheetah8;BenjaminBarnes@saas.gr;nQljUOzT
user_64;sincerePie1;LisaAustin@saas.gr;ySPbXfJy
user_65;wakefulSnail6;JohnBeck@saas.gr;6ZpEA9VT
user_66;relievedMagpie4;AngelaHale@saas.gr;VNqdVa5T
user_67;mercifulSeahorse6;KristenWright@saas.gr;9ku2g2Dd
user_68;emptyToucan1;MargaretJones@saas.gr;4Pjtdq5h
user_69;selfishBagels2;LindaChandler@saas.gr;cfQOKZek
user_70;morbidCake8;JerryCooke@saas.gr;pncF0GBE
user_71;importedBittern7;RaymondHensley@saas.gr;fJnFqY4C
user_72;excludedBoars3;NatashaMoss@saas.gr;gIYPDnuI
user_73;ferventMagpie7;WilliamNguyen@saas.gr;HTaMYwCr
user_74;betrayedMoth9;LisaDavis@saas.gr;jWAS5Z1X
user_75;vengefulDunbird4;AdamMarquez@saas.gr;Akj68SL4
user_76;spiritedToucan0;MelindaKing@saas.gr;DHK4nuoW
user_77;stressedFalcon6;DanielJones@saas.gr;fbweZgJC
user_78;euphoricFlamingo9;EmilyHale@saas.gr;tOrFpaYy
user_79;jubilantLollies8;CatherineWade@saas.gr;qqDLCAou
user_80;gleefulWildfowl8;KurtSims@saas.gr;HI7HpkdS
user_81;dopeyPolenta7;JoelReese@saas.gr;WBpsDr3m
user_82;thrilledTomatoe2;JenniferBarnes@saas.gr;dN01Mm7X
user_83;eagerRat3;EricMartinez@saas.gr;OUBXjmM2
user_84;eagerSalt0;TimothySandoval@saas.gr;Y44cBfSf
user_85;cockyRat1;BrianCarter@saas.gr;sKupFOwJ
user_86;excludedSwift2;DeannaArnold@saas.gr;BqJqf1mG
user_87;aloofBuck8;AndrewMolina@saas.gr;kwAefjI0
user_88;enviousOryx7;LisaShepherd@saas.gr;A0HzWOjc
user_89;yearningTeal6;VanessaThomas@saas.gr;EAS1jAco
user_90;sheepishRelish7;KennethMiller@saas.gr;30LxQubW
user_91;troubledCordial7;ShaunJones@saas.gr;BzPgqzFv
user_92;lyingEland6;JasonSparks@saas.gr;IdHbzAau
user_93;betrayedDunbird5;IsaacOchoa@saas.gr;GLVM9SMe
user_94;mercifulChamois1;ChristopherRobbins@saas.gr;uPUAh6Gt
user_95;pluckyGarlic5;RobertNelson@saas.gr;PaILJI8n
user_96;holisticCheetah5;PaulHunt@saas.gr;0xCCMeCX
user_97;needfulCamel4;AmyRobinson@saas.gr;WzY30cYm
user_98;sadHoopoe7;JuliaEdwards@saas.gr;u1HDiARz
user_99;exactingClam4;AustinClark@saas.gr;wLSOFjll
